862,US
8844,US
949,US
9091,US
710,GB
710,US
9087,US
1408,FR
1408,DE
1408,IT
1408,US
524,FR
524,US
867,US
4584,GB
4584,US
5,US
9273,US
8012,US
1710,US
9691,FR
9691,US
451,US
9263,US
577,US
902,FR
902,DE
902,ES
9909,US
63,US
9598,AU
9598,US
687,US
687,GB
9603,US
9312,US
807,US
8391,CA
629,US
9089,US
2054,US
9536,US
4482,FR
755,US
9377,US
9102,CA
9102,JP
9102,US
9623,US
400,US
880,NL
880,GB
880,BE
8447,GB
8447,US
2086,US
9095,US
9283,US
9208,US
406,FR
2045,US
9614,US
688,US
197,US
103,US
2074,US
9101,US
1775,CA
1775,US
5757,US
9302,US
9737,US
568,US
414,GB
414,US
649,FR
649,IT
5894,US
3055,US
8839,US
8963,US
8068,US
8512,US
1572,US
6520,US
9073,FR
9073,US
9348,US
9886,CA
9886,US
9482,US
9344,US
9071,US
8973,US
2293,US
9070,JP
9070,US
1642,US
281,US
5967,DE
5967,FR
9090,US
3512,US
9560,US
9804,US
76,AT
76,CH
76,US
9382,FR
9382,US
6715,US
2292,US
1909,US
8984,US
4954,US
8467,US
522,US
397,GB
397,US
1024,NZ
628,US
6280,US
9061,US
6071,US
11,US
9587,US
4476,US
3036,GB
3036,JP
3036,US
9067,US
8986,US
8438,FR
8438,US
1945,US
241,US
9058,US
527,NZ
6950,US
101,FR
101,US
2307,US
680,US
3586,US
110,FR
110,PL
110,CH
108,FR
108,PL
109,FR
109,PL
2636,PE
2636,US
2164,FR
2164,US
278,US
9905,GB
9059,US
193,US
1587,US
9271,US
2064,US
236,AU
236,FR
3049,US
2759,AU
9331,US
2788,US
9495,US
888,US
13,US
712,GB
8587,US
1689,FR
1689,IT
1689,LI
1689,GB
854,US
9359,US
9516,US
8987,US
1637,US
8831,JP
8831,US
315,US
8011,CA
8011,FR
8011,GB
2654,US
2758,US
9409,US
306,US
178,US
4722,US
1607,US
6075,US
9350,FR
9350,IT
9350,US
9612,US
2124,US
9571,US
9739,US
9024,US
1634,FR
1634,US
5503,US
2087,JP
2087,US
4916,US
2019,US
9255,US
2259,DK
2259,FR
2259,DE
2259,PT
2259,US
9386,US
7984,GB
7984,IE
6,JP
6,US
329,US
507,FR
507,US
9593,US
1413,US
2246,US
2320,US
5879,JP
2625,US
788,US
9300,GB
9300,FR
9300,IT
9300,NL
9300,RU
9559,US
9800,US
713,NZ
713,AU
713,FR
8291,US
1245,GB
1245,US
7007,US
5550,US
8005,FR
8005,US
2088,GB
2088,US
424,US
8850,US
695,US
858,US
1561,FR
78,US
78,HK
78,GB
9607,GB
9607,US
9057,US
9479,US
319,US
8223,FR
8223,ES
9066,US
771,US
9277,US
251,US
812,US
280,FR
280,US
581,GB
581,US
268,GB
268,US
274,US
408,US
114,US
576,US
7300,US
275,US
8766,US
4307,ES
1592,US
9099,US
2021,FR
2021,GB
954,US
8840,US
5801,IN
896,IN
3065,US
2300,US
8069,US
8072,IT
8072,FR
753,US
9103,CA
9103,US
8866,US
922,DE
922,JP
922,US
9304,US
9100,US
9802,US
664,US
9323,JP
532,GB
935,GB
935,US
9826,AU
9826,US
9879,US
7095,US
627,GB
602,US
9566,US
9894,US
914,US
9268,CA
9268,US
9327,US
9294,US
1645,US
4837,FR
9098,DE
2925,US
3595,US
9308,US
3573,US
9431,US
549,US
238,US
159,DE
9303,US
9054,US
9306,US
3587,US
981,US
830,US
872,US
2769,US
164,US
426,US
567,US
3078,US
213,US
284,US
239,US
4808,US
289,US
963,US
6620,US
804,US
909,US
630,US
770,US
599,US
15,US
62,US
62,GB
705,US
223,US
303,US
4174,US
8356,US
381,US
1859,US
1939,US
2015,KR
3598,US
3080,US
198,US
1712,US
220,US
3529,US
3085,US
2897,US
1585,US
3083,US
900,US
260,GB
488,GB
488,US
261,US
890,AT
890,DE
1770,IE
1770,GB
2033,US
9333,US
8367,US
9400,US
9401,US
9625,US
6346,US
6878,US
173,US
864,US
9078,US
1412,US
433,US
562,US
9591,US
9716,US
454,US
819,US
1834,US
252,US
623,GB
623,US
2469,ES
583,GB
475,US
521,US
88,US
500,US
792,GB
792,US
8491,US
402,FR
402,US
9504,US
1883,US
601,US
2119,US
744,US
221,US
702,US
9305,FR
9305,IT
9305,CH
1630,US
2756,US
790,US
1103,US
4480,FR
4481,FR
762,GB
531,GB
4483,FR
510,US
2323,US
659,DE
659,HR
659,PL
659,FR
8074,FR
7452,GB
7452,FR
892,FR
1600,FR
1600,NO
1600,PL
975,US
409,GB
409,US
2192,FR
2192,IT
1891,US
2493,US
85,US
68,GB
679,GB
679,US
429,US
429,IT
429,ES
429,DE
389,US
947,GB
185,GB
185,US
595,US
28,US
335,IT
335,ES
335,US
1892,US
144,DE
144,FR
1092,GB
769,US
348,US
348,GB
766,US
175,FR
175,IT
175,US
539,US
525,US
240,US
600,GB
600,US
3701,IT
530,GB
279,US
3109,US
311,US
311,IT
1578,US
703,US
9549,US
1398,RU
387,DE
9490,US
343,US
490,SE
218,GB
218,US
763,NZ
9665,US
696,US
379,US
207,US
1480,US
9322,FR
9322,IT
826,GB
826,US
422,IT
422,FR
829,US
828,US
3090,US
9964,NZ
3063,US
694,US
694,GB
235,US
832,DE
765,US
5925,US
4485,FR
137,US
33,US
982,US
8428,CA
8428,US
212,US
105,US
1633,US
1554,DE
1554,US
149,JP
8009,GB
8009,US
903,US
3034,US
339,DE
339,FI
339,FR
339,GB
339,US
756,US
288,US
910,US
2640,US
665,US
89,US
783,IN
783,GB
625,GB
8816,SE
983,US
983,GB
642,US
655,DE
655,FR
655,GB
655,US
639,US
8077,GB
8077,US
814,GB
814,US
571,US
8851,US
6114,US
229,US
9529,US
1598,US
7340,US
6217,US
377,US
653,DE
794,GB
794,US
5769,GB
8744,US
145,DK
145,FR
145,IS
145,NL
145,NO
145,SE
2212,US
199,US
7863,AU
9279,US
1573,US
152,US
638,US
174,US
172,US
154,US
157,US
168,US
364,GB
364,US
9086,US
621,US
9037,US
8845,FR
8845,US
578,US
579,US
75,US
9390,US
378,US
2322,US
9819,US
3179,US
1802,FR
1802,DE
4232,US
9361,US
2928,US
8818,US
8818,HU
9415,US
2892,AU
9366,US
9404,AU
9404,HK
9404,RU
9404,US
9622,US
8860,US
9619,US
4104,US
784,FR
784,CZ
784,GB
1968,US
66,US
9446,US
9403,US
9311,DE
9311,DK
9311,SE
884,CA
1624,US
4477,US
6499,JP
6499,US
9405,US
9360,BR
9360,PE
9360,US
9434,US
9611,US
9977,AU
816,DE
816,US
2163,US
18,FR
1811,US
1811,FR
2058,US
9450,GB
9450,US
330,US
1701,US
1639,US
415,GB
415,US
8874,US
266,FR
266,IT
754,US
607,US
686,US
4421,US
9387,US
2142,US
8413,GB
8413,US
9413,US
8834,US
9458,US
2895,US
8854,US
4961,US
9416,US
9772,DE
9772,US
6072,US
1669,US
468,US
9433,US
6623,US
2118,US
978,US
9437,US
2649,US
2255,US
9427,GB
3597,US
2666,AU
2666,US
1813,DE
1813,US
782,US
9827,US
1959,GB
8067,GB
8067,US
1281,GB
1281,US
9770,US
4995,US
9281,US
563,US
9823,US
9407,US
4824,US
9444,US
9414,US
8078,US
2639,US
9574,US
489,CA
489,US
9714,US
8197,US
6283,US
4233,US
597,US
714,GB
714,US
9922,US
547,US
184,US
9746,US
9438,US
115,GB
115,US
9410,US
586,US
9411,US
9033,US
6116,GB
9457,CA
9457,US
2923,GB
2923,US
2898,US
9558,IT
9558,GB
9558,US
6970,AU
9313,GB
9313,US
617,US
5910,JP
9440,FR
9440,DE
9440,JP
9440,GB
9440,US
1774,GB
1774,US
2157,US
8838,US
795,US
795,DE
9469,US
267,FR
267,ES
9464,US
9449,GB
9449,US
6264,DE
6264,IE
6264,GB
9771,US
9448,US
4415,US
8656,US
929,US
9452,US
1878,US
9844,US
9715,US
1965,US
312,DE
6068,US
846,CA
846,US
3050,US
1389,US
95,US
944,US
473,US
544,US
143,US
887,US
654,US
1725,US
874,GB
3116,US
1051,US
1366,US
9443,GB
606,US
746,FR
746,CN
746,GB
746,IT
380,US
403,US
466,US
2108,US
4488,US
9725,US
9728,US
9730,US
9731,US
948,US
609,US
9552,US
941,US
942,US
943,US
927,US
928,US
9952,US
9340,US
9342,US
19,DE
165,US
196,US
551,US
3170,US
346,JP
859,GB
859,US
841,US
242,IT
242,US
1411,US
9769,FR
9769,US
9424,AU
9424,US
9835,US
857,US
9570,US
9994,US
9354,US
9631,DE
9631,US
9820,US
1779,US
678,US
907,IT
907,US
5961,SE
5961,DE
5961,FR
2887,US
793,US
9325,US
2619,US
97,US
2107,US
6471,US
9442,US
227,US
87,US
2457,FR
123,US
9314,GB
9980,US
2907,US
9454,US
8688,CA
8688,US
396,US
4978,US
8393,ZA
8393,BW
9320,US
805,US
2182,US
9417,US
4011,US
1580,US
5854,US
573,GB
2370,US
5780,US
506,US
574,US
845,US
1978,GB
3682,US
847,US
117,US
4175,GB
940,GB
2762,GB
2761,GB
8208,GB
543,GB
2760,GB
431,CA
3525,US
2321,US
2028,US
5971,US
881,US
4478,US
2109,US
8195,FR
8195,GB
8195,US
9877,CA
9877,FR
9877,US
3486,GB
3486,US
1091,US
162,US
9489,US
8916,US
9429,US
3121,US
4975,GB
9713,US
1039,AT
9821,US
4437,US
1890,US
1955,GB
1955,US
6435,US
9445,FR
9445,US
2657,US
9425,US
637,IT
8675,JP
8675,US
9945,US
73,US
3033,GB
3033,US
9882,US
4518,US
1808,GB
3600,US
297,US
5332,IE
5332,GB
5332,US
8336,US
9798,US
9487,US
9466,US
666,BR
2042,US
309,DK
309,SE
692,US
1678,JP
1680,JP
244,US
8130,US
9749,US
9626,NL
9626,US
707,FR
707,IS
707,GB
707,US
9336,US
9447,AU
8545,GB
9745,US
200,US
9837,US
1934,US
8879,US
1369,US
1368,US
1370,US
1879,US
9326,MX
9326,US
1367,US
1371,US
1374,US
1375,US
1885,US
8856,US
5825,US
8741,CA
8741,US
9276,US
9822,US
9441,US
9422,US
1363,US
825,US
9423,US
9423,GB
9423,DE
9423,JP
9423,FR
6917,CA
6917,US
9426,CA
9426,GB
9426,US
2620,US
192,FR
192,IT
192,DE
9671,AU
9396,AU
9396,US
8388,US
6187,FR
8129,DE
8129,GB
8129,ES
8129,IT
8129,FR
1618,GB
2112,US
9524,AT
9524,DE
9849,US
1542,US
8224,US
1847,US
8913,US
8769,US
7227,US
5919,US
2362,US
871,US
1685,US
1705,US
1688,US
1687,US
9535,AU
9535,US
9455,US
796,US
100,GB
7341,US
9540,CA
9540,US
8592,US
1567,FR
1641,US
8583,US
603,AU
603,US
4951,US
8970,US
9840,FR
9430,US
9465,US
1414,ES
6522,US
1902,ES
6396,US
9451,US
1946,CA
1946,FR
1946,GB
1844,GB
1844,US
6552,US
4154,US
4154,VN
3309,US
6974,US
564,US
9460,HK
4927,US
1893,US
8785,PL
1924,GB
1924,US
8536,GB
8536,US
985,US
9531,GB
9531,US
138,US
3103,US
3035,US
3077,US
3074,US
3076,US
3079,GB
9077,US
8974,US
509,GB
509,US
1090,US
817,US
2275,DE
2275,US
104,DE
9032,US
9421,FR
6488,US
9473,US
8487,US
2767,FR
2105,US
1073,US
2667,US
345,GB
345,US
299,US
9825,US
620,US
2978,US
332,US
1812,US
8914,AU
8914,US
9824,US
2180,SE
4806,US
247,US
967,US
802,GB
802,US
3175,GB
3175,US
147,FR
1628,FR
873,US
2692,DE
3934,FR
9710,US
2115,US
3526,US
745,US
913,US
912,US
9781,US
9267,GB
813,US
2665,US
9406,FR
9406,GB
9406,LU
9406,NL
9406,US
2280,US
9944,US
850,US
850,CA
9349,US
2038,GB
2038,US
1936,US
9096,US
1911,US
2900,US
6373,GB
2162,US
4338,US
1075,RS
1075,RO
1075,DE
1075,AT
1075,FR
14,US
9453,IT
9453,US
861,US
704,GB
1049,FR
1049,US
2290,FR
2290,HU
2290,US
6415,US
5622,IT
9638,US
226,US
9346,US
4929,US
8416,IT
8416,DE
8416,FR
851,GB
2593,FR
3086,US
3767,US
535,US
2731,FR
1832,US
1654,GB
1654,US
658,GB
658,US
657,GB
646,GB
5689,US
391,IT
391,DE
391,ES
8052,US
3171,CA
772,US
550,DE
550,US
1610,GB
404,US
9343,DE
9343,PE
8649,US
5548,US
5549,US
856,US
699,GB
699,US
709,GB
709,US
253,GB
660,BS
660,FR
660,GB
660,US
492,US
128,JP
8672,DE
8672,GB
8672,FI
8672,US
8056,BE
8056,DE
8056,FR
8056,IL
8056,NL
8056,RO
2020,US
9481,US
9008,US
1694,US
476,US
961,US
957,US
1621,US
9289,US
9264,US
4203,ES
2039,US
2690,US
2668,DE
2668,US
99,ES
99,FR
9647,US
5156,IT
2990,US
596,US
293,US
9013,US
2924,US
177,US
9946,US
863,US
5486,IT
1718,US
9684,US
9586,US
777,FR
5652,US
497,US
1715,US
1439,MY
1439,US
2277,DE
2277,US
334,US
624,US
9563,US
1850,US
926,US
1213,US
3558,DE
3558,US
632,US
5924,US
4460,US
9644,US
2005,US
6279,US
7305,US
9475,US
8872,US
8873,US
9869,US
619,US
9374,US
8293,GB
1923,US
9367,MX
9367,US
9876,US
9609,US
4234,US
9605,US
8374,CA
8374,US
1907,GB
1907,US
2787,US
2069,CA
2069,US
901,US
2155,US
139,DK
139,SE
1831,US
4816,US
541,US
2193,US
2067,US
622,FR
622,PT
622,ES
5693,US
287,US
968,US
838,US
3114,US
8333,US
820,US
8989,US
918,US
462,US
9532,US
2383,FR
2383,US
1396,RU
1541,US
8469,US
925,US
1713,US
996,US
9079,US
1496,US
1498,HK
1498,US
1497,HK
1497,US
1499,HK
1499,US
1880,US
801,US
2085,US
9960,GB
3082,US
2102,JP
2102,US
990,US
1908,US
9764,RU
9764,JP
840,US
2291,US
9355,AU
526,US
243,GB
243,US
6644,US
879,US
1793,US
1700,US
593,RU
2621,US
2006,US
1552,US
106,US
1359,CA
1359,US
4967,US
4825,US
3536,FR
3536,US
1443,US
9456,DE
9456,US
889,US
452,DK
452,FR
452,DE
452,IT
452,NL
452,SE
5241,US
98,GB
98,US
1058,US
5608,DE
5608,RS
5491,US
1727,US
5683,US
2094,US
9285,US
955,DE
955,US
8584,HK
8584,US
962,US
5483,DE
5483,ES
5483,IT
5483,US
668,GB
668,US
1448,GB
691,GB
691,US
698,FR
698,GB
698,US
682,GB
682,US
499,FR
499,IT
9600,DE
9600,US
2768,US
21,US
6003,IT
6003,GB
938,IT
938,ES
938,DE
2075,US
1551,US
169,US
865,US
9663,US
9659,AU
8810,AU
9299,ES
635,US
9679,US
482,US
592,US
9040,IT
9040,US
5121,US
195,US
6978,US
3133,US
643,RU
479,DE
479,US
7450,US
7443,GB
2123,US
2024,DE
2024,US
2133,US
9702,US
9051,US
9873,US
8348,US
494,US
493,US
4244,US
4247,US
1050,CN
1052,GB
1052,US
1052,IT
1788,US
2655,US
93,US
9278,US
6282,US
9383,DE
9383,US
5551,US
2360,FR
2360,GB
8420,FR
9507,US
2211,DE
8843,DE
8843,US
3110,US
9651,GB
9651,US
1588,US
9995,US
1698,DE
1619,US
786,US
16,AR
16,DK
16,FI
16,FR
16,DE
16,IS
16,IT
16,NL
16,NO
16,SE
16,GB
16,US
9003,GB
9064,GB
469,US
2160,US
2161,US
3073,US
911,US
1485,GB
1597,US
641,US
6521,DE
6521,GB
6521,US
2134,US
71,FR
71,GB
1636,US
4327,US
3059,US
4958,US
9678,US
8870,AU
8870,US
681,GB
681,US
8452,US
8871,DE
8871,US
9741,US
146,CN
146,HK
146,TW
146,US
2669,US
2669,GB
2609,US
708,GB
708,US
1857,US
2604,US
107,GB
107,US
392,GB
392,US
8859,US
2608,US
3981,US
711,US
2046,US
5001,US
8358,US
5994,US
1493,US
134,FR
134,GB
134,US
1900,DE
1900,US
2623,US
8043,US
9989,CA
9989,US
9816,US
5955,US
2613,US
2018,US
2302,US
5709,US
4639,US
96,US
90,US
764,US
4918,GB
2614,US
580,US
1547,US
843,CN
843,HK
318,US
318,DE
9740,GB
9740,US
7093,BE
7093,FR
7093,GB
1921,US
6073,MX
6073,US
2749,DE
2749,US
6028,GB
1888,US
2428,US
9594,US
4986,US
2453,US
4587,US
4192,GB
4985,US
853,IE
853,US
853,DE
853,GB
5257,AU
77,US
2575,IE
2575,US
55,MX
2043,CA
2043,DE
2043,US
4133,US
634,FR
634,IE
634,GB
634,US
9519,AU
9290,AU
9290,US
111,US
2144,US
1734,US
8076,DE
4973,FR
8095,GB
8095,US
8095,CH
849,ES
849,GB
849,IT
849,US
2981,US
3784,US
9062,US
934,FR
9476,US
5852,US
808,US
824,AU
824,US
676,US
1406,US
1632,US
966,US
301,US
4988,US
6498,DK
5923,US
9397,US
9705,AU
9705,US
9301,DE
1089,US
9967,US
759,US
9576,US
1995,US
9799,DE
9799,US
644,US
9599,US
2140,FR
2140,US
4248,CA
4248,US
3134,FR
8217,US
5991,DE
6106,GB
6106,US
4789,IT
976,US
4780,US
7520,US
9589,DE
9462,HK
2114,JP
2114,US
8835,US
9517,GB
9517,US
9517,FR
9395,HK
9395,US
5333,AR
5333,GB
4281,GB
2,FI
9602,US
3980,US
9748,US
5680,US
2617,US
3543,DE
3543,US
9604,US
9717,US
2605,US
8740,NL
8740,FR
8337,US
9493,US
1648,US
4105,US
3064,US
4925,US
2210,GB
2210,US
1380,US
9085,US
505,US
4486,CA
4486,FR
9972,US
9494,US
9942,US
8216,NZ
4296,CA
4296,US
9686,US
8867,US
8867,AU
331,US
327,GB
327,JP
327,US
1548,DE
1548,GB
1548,US
869,US
552,IT
2148,US
2171,US
9618,US
6951,US
2616,US
7091,US
249,US
183,US
8494,US
2057,FR
2057,US
9880,US
5175,US
4484,FR
1627,FR
2770,US
1933,ES
1933,US
1933,FR
1933,IT
3604,US
1722,GB
1722,US
1722,FR
9896,CA
9896,US
9683,US
2779,DE
2779,US
2294,US
742,SE
8922,DE
8922,US
5922,US
5998,DE
2176,US
2185,US
2034,AU
2034,US
9028,IT
9028,FR
9660,US
248,US
1644,US
9398,DE
9398,US
9778,US
166,FR
1623,US
1716,FR
3172,US
570,FR
570,IT
1018,FR
1018,US
984,US
9585,US
768,CZ
768,GB
2100,US
3173,TH
9081,US
167,DE
167,GB
167,US
9378,CA
9378,US
141,US
585,US
9889,US
671,GB
671,US
1535,GB
1535,US
1433,ES
1433,MX
1999,US
269,FR
5781,FR
5781,ES
3537,US
8738,US
8007,US
161,US
8342,BE
8342,BA
8342,FR
8342,IT
8342,SI
8342,GB
4886,US
228,DE
194,FR
194,DE
1903,US
9523,AU
9523,DE
9428,US
1649,US
8386,US
120,NZ
120,US
453,US
5052,US
8489,US
855,GB
855,US
5279,DE
5279,GB
5279,US
1365,US
6440,US
6037,US
6312,FR
848,GB
9610,US
4965,US
150,US
112,DK
112,SE
651,US
2637,US
9606,JP
2084,GB
2084,US
4267,FR
4031,FR
9884,US
2441,ES
931,IT
931,GB
8470,US
9272,US
8737,US
993,GB
1809,DE
1809,US
9991,GB
9991,US
480,IN
614,SE
2752,US
2752,FR
2752,GB
7219,IT
2135,US
965,US
7988,US
8690,IT
262,US
3418,DE
3418,FR
4499,ES
425,US
1576,FR
1576,DE
1576,GB
1576,US
5851,AU
5851,US
1391,MX
2371,CH
2371,ES
2371,FR
2371,RU
6020,US
9275,DE
9275,GB
9275,US
4547,US
1791,AT
1791,FR
5678,US
548,JP
1537,US
441,US
8346,CA
8346,US
2565,US
307,IT
6393,US
9334,US
9334,DE
9334,BE
1282,US
5203,US
9689,US
557,US
1815,GB
1815,US
2251,US
9039,DE
9039,US
2894,FR
5425,IT
245,GB
245,US
1894,US
4012,US
9026,FR
9026,GB
9026,US
1957,US
320,US
9023,US
4614,US
811,US
7216,IT
3132,US
9583,US
2501,US
2501,DE
2501,CZ
9637,US
4993,US
180,US
9555,AU
2022,US
9719,US
608,US
6278,IE
6278,GB
6278,US
4147,US
1842,US
2721,DZ
2721,FR
1364,ES
1364,FR
8869,AU
8869,US
8665,CA
8665,DE
8665,GB
8665,US
818,US
6404,DE
6404,FR
5155,IT
3780,JP
8764,GB
8764,US
2675,US
9488,US
9962,NL
9962,DE
9962,US
9573,US
7451,US
2750,GB
6173,FR
9266,DE
9266,US
3640,AT
3640,CH
3640,DE
3640,IT
8653,KR
9357,US
9296,US
9595,US
9941,US
3127,GB
9544,DE
9544,LU
9544,GB
9544,US
4108,US
4108,FR
9685,US
977,US
233,US
5506,GB
575,DE
9034,US
9093,GB
9093,US
7501,US
1958,FR
1958,IT
129,JP
2110,JP
2110,FR
9533,DE
9533,US
4107,IE
4107,GB
9260,DE
9260,US
1682,JP
3092,GB
4989,US
1430,US
8051,US
1613,CA
1613,GB
565,JP
565,US
5917,US
8691,IT
6399,IT
6399,US
225,PL
5062,FR
265,DE
2264,DE
1672,FR
9645,AU
9645,US
9012,US
1360,MX
1360,US
1360,CA
1163,US
1941,US
8427,US
9021,US
9280,CH
9280,FR
65,US
672,DE
672,GB
672,US
542,MX
2165,CA
2165,DE
1377,US
2528,FR
9538,CA
9317,FR
8198,US
64,ES
2103,US
9016,US
5261,DE
6007,NO
7011,DE
7011,US
9932,AU
9932,US
2757,US
7299,US
4241,JP
171,FR
4202,DE
4202,FR
4202,PL
7303,US
201,US
2755,US
121,NZ
121,US
1429,US
3131,US
3131,IT
2642,AU
2642,US
9491,US
2149,DE
2149,US
4032,US
8392,JP
4561,CA
4561,FR
4561,DE
4435,IN
640,US
1574,US
590,US
423,FR
423,DE
423,PL
423,GB
4912,US
9582,US
598,BR
598,FR
8073,FR
1484,DE
5968,US
9045,FR
9045,DE
9045,RO
9082,AT
7514,JM
9358,US
1647,US
9027,FR
9027,GB
9027,US
8286,FR
8286,IT
4628,FR
4628,GB
4193,GB
3028,US
8219,ES
8288,US
127,PL
1563,FR
2262,DE
9699,GB
9699,US
9919,DE
9919,US
6038,HK
6038,US
9480,US
1956,US
1956,AR
3426,FR
2984,GB
4952,US
991,GB
4911,DE
4911,GB
4911,US
102,DK
9613,CA
9613,GB
7015,US
6524,US
9567,US
979,FR
1591,DE
455,IN
455,DE
455,GB
455,US
4762,DE
8996,DE
8996,FR
8996,PL
2671,JP
9669,JP
9557,DE
9557,US
6171,US
2525,IT
2525,US
9341,US
9341,CA
9341,DE
9776,US
1675,FR
1675,IT
6016,CA
6016,FR
6016,IE
6016,GB
8409,DE
8409,US
1817,US
7294,FI
9506,US
2662,US
8326,US
994,GB
994,US
1714,GB
9930,US
2832,US
1816,US
2260,US
9562,US
604,AU
604,US
1555,FR
310,US
5146,DE
5146,US
12,US
9654,GB
9654,US
9902,DE
9902,US
584,US
1088,NZ
5921,US
5920,US
6646,GB
6646,US
8092,US
290,GB
290,US
2470,ES
2470,PT
2470,FR
1403,US
2263,US
6523,US
2527,IT
2527,FR
3009,FR
6643,US
2071,US
4708,FR
4708,US
170,GB
9471,US
9581,HK
216,DE
6949,US
1927,US
296,DE
296,GB
296,US
302,FR
302,GB
22,US
8698,CZ
8698,DE
8698,GB
8698,US
554,FI
554,RU
8961,US
9486,FR
9486,GB
3472,GB
1996,US
1996,DE
1996,JP
1996,GB
4464,US
9104,DE
9104,GB
9104,US
4613,US
430,US
5185,GB
4984,US
8273,US
8046,US
8094,IE
8094,GB
636,US
9257,US
9499,FR
9499,US
833,IT
3101,US
6466,CA
6466,IT
6466,US
2055,US
2771,US
1778,US
8992,US
9362,US
936,US
4593,FR
4593,IT
4593,ES
3782,JP
2891,NZ
2891,AU
2891,GB
7504,CA
7504,IN
513,CA
513,IN
6619,IT
6619,FR
2830,US
8289,US
333,CA
2722,ES
9616,DE
9616,US
1415,NL
1415,US
7270,US
1428,US
153,JP
153,US
4703,US
9584,GB
9584,US
8408,US
8408,JP
2687,FR
2687,US
277,DE
277,HU
277,GB
277,US
9707,US
7288,DE
7288,US
5653,DE
321,CA
20,CA
20,ES
5168,FR
9662,FR
9662,BE
9662,CA
9662,GB
837,CA
821,DE
821,US
1358,GB
2200,CZ
2200,XG
776,FR
891,US
650,US
8368,GB
8446,GB
9874,US
9501,CA
9501,FR
9501,JP
9501,US
4543,GB
7442,US
6723,US
9871,CA
9871,US
3087,US
2116,US
3051,GB
1584,DE
1584,US
2056,US
4997,CA
4997,US
8439,BR
322,US
24,US
9373,US
1550,US
1643,FR
1643,IT
5493,JP
9839,DE
9839,US
4256,US
1807,US
1376,GB
2348,US
3117,GB
897,IN
224,PL
605,US
605,AU
1277,DE
1277,HU
1836,FR
508,GB
508,US
8619,US
4970,US
470,US
504,US
9556,US
1702,GB
9065,DK
9065,ES
9065,CH
9065,DE
9065,FR
9065,SE
4823,US
860,US
5000,FR
780,FR
234,DE
899,US
6472,US
5143,US
5227,US
8010,AR
8010,FR
8010,GB
9292,US
2297,FR
2297,US
951,US
5765,DE
5765,US
9319,US
3777,JP
2007,US
8047,ES
2612,US
3112,US
2611,US
1825,US
3176,JP
9261,TW
9261,US
5336,IT
5336,FR
2047,US
8222,ES
9846,US
1626,FR
483,US
6069,US
3681,FR
3681,US
898,US
2000,DE
2000,PE
648,FR
618,US
4024,FR
4024,IT
3089,US
995,US
1594,GB
1594,US
916,US
1976,US
3062,US
4939,US
870,JP
7857,IT
79,CN
987,US
81,JP
827,FR
4368,US
2742,CA
2742,JP
2742,GB
3596,GB
9063,DK
1818,FR
255,FR
616,JP
616,US
616,NZ
587,US
6964,US
1792,US
3635,GB
3635,LU
122,NZ
122,US
8696,GB
2289,US
2289,GB
2289,RO
2289,IT
9620,CA
9620,US
5966,US
9548,US
1937,US
1882,US
6277,CA
6277,FR
6277,GB
6277,US
4917,US
427,FR
427,IT
3022,US
778,FR
3088,US
980,US
5205,US
2017,US
405,IT
9696,JP
5055,PL
1954,CA
1954,US
1278,FR
1278,IT
1278,GB
7008,GB
1824,US
337,FR
2576,US
9838,US
2099,US
6470,US
8842,DE
8842,US
9352,US
615,US
338,DE
2023,US
2023,MA
9384,US
797,SE
1723,US
8906,DE
1586,US
156,DK
156,FR
156,GB
156,SE
2778,US
924,US
38,US
4377,DE
1720,IS
9541,US
5516,US
553,DK
553,FI
553,FR
553,DE
553,IT
553,NL
553,NO
553,SE
553,GB
1487,US
2122,US
6844,US
923,IT
923,JP
923,US
2587,IT
2587,GB
3591,GB
4365,US
2098,US
393,US
7220,DE
7220,US
237,FR
237,GB
9509,GB
9509,US
7131,CZ
7131,US
652,US
652,MT
652,GB
8440,BR
883,US
9461,HK
9461,US
132,US
4339,DE
5247,US
502,US
1373,GB
1373,NL
1719,FR
667,GB
700,GB
700,US
633,BE
633,NL
5511,FR
5511,IT
294,US
1162,US
5842,JP
5842,US
988,US
781,DE
204,FR
204,IT
9356,US
9624,US
5248,GB
9872,US
2786,FR
2786,IT
8075,IT
8075,FR
2817,IT
2817,FR
2817,CH
2817,GB
1394,SU
1394,IT
9545,PE
9545,US
1926,BA
1926,BF
1926,EG
1926,FR
1926,GB
1926,IL
1926,IN
1926,IR
1926,JP
1926,MX
1926,US
4923,IE
9459,US
465,FR
876,CA
876,DE
876,IT
876,US
876,RU
1583,DE
9698,GB
5900,NL
8468,CA
8468,US
336,IT
5927,US
3075,GB
5521,US
5521,CA
222,DE
1059,JP
3547,US
5481,IT
5482,IT
5485,DE
5485,IT
7090,FR
7090,NL
7090,US
5902,GB
5902,US
4552,KR
4291,JP
113,KR
113,DE
5916,US
3001,US
203,US
9901,US
316,DE
3072,US
250,DK
631,US
1786,DE
1786,FR
1786,IT
439,IT
439,FR
823,JP
2546,FR
5165,IT
5165,FR
5722,US
5544,FR
5544,JP
4781,SE
4781,FR
4909,FR
4909,GB
4497,ES
4497,MX
5071,FR
4507,ES
4879,GB
1994,US
809,US
435,US
4599,US
673,GB
673,US
246,JP
2789,US
8920,US
9890,US
8193,US
831,US
9372,US
662,FR
8341,DE
8341,FR
8341,IN
8341,IT
886,US
9791,US
9542,US
136,US
3019,US
3515,GB
3515,US
9472,DE
9472,US
594,US
8981,GB
1944,US
1997,FR
1997,GB
9256,SE
8991,AU
3293,US
6081,GB
6081,US
2330,FR
2334,FR
2912,FR
701,US
2202,US
3484,US
1777,US
558,US
80,US
9477,IE
9477,GB
9477,US
8699,US
9893,US
2048,US
2048,DE
436,EC
436,CO
436,US
4201,AT
4201,US
2502,DE
2502,US
314,US
5228,US
1040,IT
1040,FR
5122,US
1783,GB
1783,TH
1783,US
9680,US
5179,GB
6947,US
401,US
1538,US
2577,GB
395,CA
395,CZ
395,DE
395,GB
395,US
8745,US
7506,US
8080,DE
8080,GB
8080,US
124,PL
9759,DE
9759,US
1577,GB
1577,US
1577,DE
1577,FR
1577,CA
5137,GB
5137,US
2003,FR
1653,BR
1653,AR
1653,CL
1653,FR
1653,DE
1653,PE
1653,GB
1653,US
747,GB
747,US
747,FR
4176,GB
1492,FR
1492,CR
1492,ES
1492,GB
1492,US
8689,IT
1599,DE
1599,US
4380,US
3989,DE
3989,US
2438,US
3053,GB
3053,US
1435,US
2319,US
1970,JP
1970,US
8849,GB
8849,US
9675,US
4553,US
4553,ES
9391,GB
176,US
1677,US
9806,US
5255,US
9801,FR
9801,DE
9801,IE
9801,GB
9801,US
866,GB
866,US
4251,IN
2059,US
140,ES
1966,FR
1966,DE
1966,IT
1966,NL
1966,GB
1966,US
2288,US
4369,FR
9550,CN
9550,HK
163,US
8424,FR
8424,BE
3016,US
2972,DE
992,US
3060,US
1405,US
964,US
939,US
697,RU
905,DE
3061,US
626,FR
5729,FR
3574,US
91,ES
877,US
875,US
779,DE
779,FR
3031,US
3084,US
9797,RU
3766,US
946,US
4558,FR
800,MX
3023,US
3111,US
803,FR
690,FR
750,GB
3010,US
751,GB
4025,US
3763,JP
7348,US
3482,FR
3482,US
895,SU
895,RU
2661,US
789,CZ
2097,JP
2097,US
135,GB
4191,FR
4191,IT
5767,GB
9929,FR
9929,BE
5638,US
1846,US
2191,ES
5928,US
2860,FR
2998,US
839,US
9394,IT
5822,US
760,IT
760,FR
1410,US
9474,IT
5558,FR
5558,IT
3043,FR
3043,IT
3043,US
8327,MX
8327,US
5618,FR
9385,FR
1835,US
1829,FR
9652,IT
9652,FR
9652,US
9652,ES
5725,US
3870,FR
3870,DE
3870,IT
1660,FR
6476,US
5651,US
1421,FR
1362,US
6341,US
7012,US
232,US
9041,FR
1884,US
8221,ES
8868,FR
9056,HK
9080,US
9318,FR
4043,ES
2172,NO
8852,US
8677,US
4271,FR
2927,DE
9768,US
9569,US
7975,DE
7975,FI
7975,FR
7975,SE
9399,US
1662,US
1662,GB
6444,FR
1483,US
4539,US
6463,US
5048,GB
5048,FR
5048,NL
9588,AU
9588,US
9298,FR
9298,DE
9298,GB
5051,FR
5051,DE
5051,NL
5051,GB
7500,JP
5187,US
8983,DE
8214,FI
2061,DK
2460,ES
9956,US
9092,US
8765,IT
9845,MX
9845,ES
9845,US
9732,AU
9732,US
5470,US
5470,FR
1283,ES
9812,US
8697,HK
7096,GB
7096,US
344,DE
9943,DE
2487,JP
9597,FR
3716,DE
9011,US
2332,FR
5458,US
844,DE
844,HK
844,CN
844,FR
844,IT
2463,HK
9439,ES
467,GB
2899,FR
2899,DE
3577,DE
2440,KR
919,JP
211,DE
6382,AU
437,CA
4592,DE
4592,US
9025,AT
2111,CN
2111,FR
4612,CA
4612,GB
4689,KR
8441,BR
5552,GB
5552,FR
5552,IT
8325,US
4326,DE
9282,CA
9282,US
5844,JP
3177,JP
4972,DK
2841,FR
363,DE
363,TR
4254,IN
1418,ES
670,KR
9694,JP
9667,DE
9667,US
9666,JP
9316,TH
1913,ES
1913,FR
1913,IT
7233,US
2539,US
5528,CH
5528,DE
5528,FR
1114,MN
1114,DE
179,FR
179,DE
179,GB
179,US
83,US
4836,GB
3396,US
1404,BE
1404,DE
1404,IT
1404,ES
1404,GB
464,SE
1546,US
5889,JP
1126,NZ
9483,DE
1392,US
1843,US
291,FR
291,US
5460,US
4896,DE
421,US
8357,US
3509,US
986,CH
986,ES
986,FR
70,US
205,CA
205,GB
205,US
205,IT
205,ZA
5183,US
118,AU
118,GB
118,US
1280,KR
1280,JP
2567,US
9833,GB
9833,US
6478,DE
6478,GB
6478,US
9692,US
1901,US
693,US
842,US
9953,US
1853,US
7229,FR
2091,US
9947,CA
9947,US
6439,US
6439,ZA
7214,DE
7214,US
8422,IT
8422,FR
989,US
342,DE
6317,DE
6317,NL
613,AT
613,DE
613,IT
273,DE
8978,US
8978,FR
8968,US
6961,US
2517,JP
661,DE
2436,US
7454,US
4935,JP
8953,JP
8488,US
561,DE
561,US
8340,IR
8340,FR
8340,IQ
6414,TH
1942,GB
4235,FR
3040,RU
9470,CN
9470,HK
2926,US
4710,SE
4710,FR
5204,HU
4974,FR
258,FR
8016,IT
4551,US
26,IL
26,SE
2026,DE
2026,US
9928,US
3115,JP
6593,JP
1918,IL
1918,FR
1093,FR
5881,RO
5881,FR
5881,GB
438,CA
1589,GB
1589,IE
1589,DE
9688,US
540,US
158,BE
158,DE
158,NL
1772,US
5996,US
187,US
6183,DE
7364,DE
7364,ES
7364,GB
7364,US
2029,FR
9674,JP
3875,DK
9653,DE
4595,FR
775,FR
7342,CA
7342,US
9636,US
9636,AW
7453,US
8220,ES
9393,DE
8976,US
1495,DE
1495,MA
1495,ES
1495,GB
1495,US
1640,DE
1640,US
9463,JP
1566,DE
2444,ES
1279,KR
2994,IT
2994,FR
2994,US
1895,US
9981,US
4379,US
4379,DE
27,GB
953,US
9291,US
921,US
2287,US
9779,US
9787,DE
9787,US
787,US
9528,GB
3011,US
272,GB
272,US
5845,JP
9709,US
9722,US
1382,US
9534,IT
9534,ES
9976,US
276,AT
276,DE
2151,BG
2151,DE
2151,US
2095,US
74,US
4889,GB
1667,FR
4893,GB
9009,US
1553,FR
9738,DE
9738,US
9522,US
1826,FR
1826,GB
1635,US
1696,DE
1696,US
1665,US
9775,ES
5237,GB
5237,NA
5237,US
5237,ZA
308,FR
308,US
5319,IN
6519,US
9913,DE
9913,US
8292,US
9074,US
501,US
6957,US
1917,FR
445,AT
445,FR
445,DE
445,IT
445,US
9564,FR
4442,CZ
4442,GB
4442,US
9042,DE
9042,US
4540,DE
1985,CN
1985,DE
1985,GB
1985,US
9335,FR
9007,US
9777,US
1830,FR
1830,US
1830,DE
7182,US
340,US
1676,US
8814,CZ
8814,DE
8814,GB
8814,US
9923,FR
9923,GB
9923,US
7553,US
8202,US
3118,FR
2125,US
1947,US
1947,DE
8643,US
9315,US
3933,US
8923,GB
8923,US
59,US
59,CA
59,DE
257,CZ
257,FR
257,IT
257,GB
398,CA
398,US
647,JP
349,FR
533,GB
533,US
5236,US
9060,HK
5471,AU
5471,CA
5471,IS
5471,GB
5471,US
9763,GB
9763,US
1559,CA
1559,DE
1559,FR
3527,FR
3527,DE
3527,US
9910,US
142,CA
142,US
9621,US
9701,US
3291,FR
3291,JP
3291,GB
3291,US
791,CA
2610,US
9729,US
8066,US
1656,MX
1656,US
6963,DE
6963,US
215,US
2313,US
5335,IT
9993,AU
8274,US
3554,US
1833,US
1951,DK
1951,FR
1951,DE
1951,IT
1951,NL
1951,SE
1951,GB
259,FR
25,DE
25,US
9982,US
5620,DE
5620,IT
5620,LI
5620,ES
7974,FI
7974,SE
6795,US
231,US
8999,GB
8999,US
8555,DE
8555,GB
4348,FR
4348,GB
4348,US
9885,AU
9392,GB
674,GB
674,US
69,DE
69,US
1420,GB
1420,IE
9005,US
7548,GB
7010,GB
7010,CH
6529,US
3124,GB
8425,FR
2153,GB
2153,US
116,IE
116,LU
116,RU
116,GB
116,US
9724,GB
9724,US
5741,US
67,PS
67,FR
67,DE
67,IL
67,NL
411,GB
411,US
254,NZ
254,US
254,DE
1904,US
9043,US
2008,CN
2008,JP
2008,KR
917,IN
9515,DE
9515,US
9721,CH
9721,GB
9721,US
2777,KR
8290,FR
8290,GB
8053,US
8053,FR
612,CA
612,US
612,FR
9899,US
546,US
2890,ES
2890,NL
2800,US
9641,US
7552,US
9927,US
9681,US
4495,ES
9687,GB
9568,US
6935,FR
4550,KR
6934,ZA
1690,US
9900,US
9044,CZ
9044,DE
9044,GB
9918,US
834,US
4772,GB
2455,FR
7295,US
7509,CA
2117,DE
9912,NZ
9912,CH
9912,JP
9912,US
1969,US
1969,FR
1969,MX
8435,GB
17,DE
17,GB
9286,CA
9286,DE
9286,US
292,US
1544,DE
1544,GB
1544,US
1651,FR
1651,IT
5145,GB
9975,US
9754,US
9754,AU
7515,GB
7515,US
9959,US
4441,AU
9036,US
7304,DE
7304,US
9920,US
9682,US
2207,US
2207,DE
9756,DE
9756,GB
6877,US
582,DE
950,US
9968,CA
9968,DE
9968,NZ
9968,US
4173,IT
4173,US
7483,IL
7483,BE
7483,FR
7483,ES
1967,US
752,DE
752,GB
752,US
9655,US
669,CA
9388,US
9950,DE
9950,US
388,US
868,ZA
9648,AU
1379,FI
9792,FR
9792,US
186,DE
186,US
8410,DE
8410,FR
8410,GB
8410,US
219,ES
3093,DE
3093,GB
3093,US
9270,US
9035,CA
9035,US
9957,US
9389,FR
9389,GB
9389,LU
460,DE
8998,US
4257,US
2652,US
1629,FR
9526,US
5820,US
9904,CA
9904,US
588,CA
588,FR
588,JP
588,US
9310,US
7870,US
1557,DE
8982,TH
8982,AU
956,CN
956,DE
956,US
1416,KR
9530,DE
9530,GB
9530,US
9829,FR
9829,GB
9829,US
560,US
5717,US
7518,US
9786,US
503,US
591,US
591,MT
591,FR
591,GB
9767,US
920,US
9700,US
806,US
9353,US
2044,US
9339,US
350,US
58,US
1819,US
2295,US
9697,US
4474,US
6417,AT
6417,DE
6417,HU
6417,RO
4962,FR
1887,FR
1887,US
1887,JP
1841,US
1611,DE
1781,US
8997,US
8443,GB
8443,BR
7549,CN
7549,HK
7549,US
9615,JP
9615,US
9513,GB
9513,US
410,DE
9917,US
4375,FR
4375,GB
8008,DE
8008,GB
1452,US
7872,GB
773,US
1294,DE
1164,FR
1164,JP
1164,MX
1164,US
9520,DE
9520,LU
9520,GB
9072,US
9727,CA
9727,DE
9727,US
9297,US
5070,FR
326,US
512,GB
9718,US
1593,US
1593,GB
1852,US
1262,US
82,UY
82,US
82,DE
82,PY
9921,US
1986,FR
1986,IL
1986,BE
1986,IT
9907,DE
9907,US
1402,US
2805,TH
9293,CA
9293,US
9906,US
1948,US
148,ES
9951,US
5289,CA
5289,GB
5289,US
9782,US
9762,US
7859,US
1023,DK
1023,DE
2168,AU
9788,US
1540,CA
1540,FR
1491,CZ
1491,US
1165,FR
1165,IT
1165,GB
1165,US
9783,US
7291,FR
9988,US
4913,US
9708,US
9708,DE
9708,CA
9813,US
271,SE
271,NO
1116,IE
1116,GB
1116,DE
1116,IT
1116,ES
1116,FR
1116,BE
1116,CH
1661,DE
5072,GB
5072,DE
5072,HU
2566,FR
1249,US
9954,US
7511,US
7512,US
1776,US
1963,KR
1963,JP
1381,US
300,FR
300,IT
9676,FR
9676,DE
9676,US
6948,GB
6948,US
9766,US
390,DE
390,PT
1595,CA
1595,US
1595,DE
1622,FR
5726,US
1666,US
9895,US
5721,US
1579,US
9664,GB
9664,US
1717,US
2753,NL
496,US
1417,ES
1417,US
1417,MX
4643,US
4283,US
7484,US
9842,US
1422,HK
1422,US
9794,US
9978,DE
9978,GB
9978,US
8332,DE
3593,US
7510,US
1975,US
8975,US
9672,US
86,DE
86,IE
1440,US
1523,GB
1523,DE
1523,US
1378,US
9693,GB
9693,US
1124,US
3037,DE
3683,US
4285,DE
8194,US
5890,JP
6077,FR
214,US
1123,FR
1123,GB
1123,US
1123,ZA
1427,ES
1427,DE
1427,FR
4928,US
9726,US
2152,US
8588,DE
8588,GB
9836,AU
9809,US
7551,US
9969,US
2357,US
1581,GB
1581,US
313,CA
313,GB
7873,US
8324,GB
8324,US
5698,US
2179,US
2447,US
9796,US
1372,DE
1372,US
9986,DE
9986,US
2486,GB
2486,US
2486,HU
1246,US
1247,US
1125,US
8436,FR
1646,DE
1646,US
7736,DE
7457,US
1730,PL
1730,US
1730,FR
8618,GB
1259,GB
9053,DE
9053,GB
9053,US
1494,CN
1494,HK
182,US
1251,JP
1251,US
9656,CA
9656,US
5393,DE
5393,US
1931,US
9992,FR
8275,US
2433,FR
2204,DE
1773,US
9695,US
8398,US
3549,DK
3549,SE
6166,CH
6166,DE
1265,US
7516,FR
7516,GB
7516,US
9760,US
9966,US
1257,US
7298,DE
1248,GB
1248,CZ
1248,FR
1248,IT
9757,US
5206,DK
5206,FR
5206,DE
5206,IS
5206,IT
5206,SE
1252,US
2062,US
2266,FR
5172,US
9965,US
2016,DZ
2016,FR
2016,MA
2016,BE
3024,CA
3024,US
9828,US
9958,CA
1250,US
1250,AU
4169,US
3594,DE
3594,US
7874,US
4638,GB
1993,FR
1993,IT
5691,FR
5691,IT
6443,DE
1738,US
1253,GB
1253,US
1949,US
7006,CA
7006,US
9784,US
8965,US
1271,US
2267,US
6691,FR
1255,KR
2977,GB
2977,US
5413,IE
5413,GB
9963,US
2355,US
7485,US
9793,US
1273,US
4657,AU
9075,NL
9075,DE
9075,GB
8199,US
5177,DK
5177,IS
3007,DE
8270,US
9955,US
1683,US
1267,US
1272,GB
1272,US
1590,DE
1590,US
9903,US
7183,US
9785,CA
9785,US
8271,US
1534,US
1407,CZ
1407,FR
1407,GB
1441,BG
1441,US
6145,DE
6145,US
9843,GB
1987,AT
1987,CH
1268,GB
1268,US
1268,FR
1268,DE
559,US
1950,US
4977,JP
2269,RU
1919,CA
4964,US
2976,GB
2976,US
8421,FR
8421,IS
1562,ES
1562,GB
810,US
5723,IE
285,US
3432,US
1872,NZ
1872,US
5488,KR
8748,NZ
3489,US
298,US
2241,DE
1691,US
1990,FR
1990,US
9408,US
1979,DE
1979,GB
1979,US
1991,US
2748,IT
2748,FR
9815,GB
2359,US
442,FI
442,SE
1988,FR
1988,GB
1988,PK
1988,US
3021,US
2196,GB
1571,GB
1571,US
2959,AU
2959,US
6022,US
2698,US
1858,US
675,GB
675,US
3563,US
4688,US
7547,US
2270,IS
2270,GB
2270,US
757,GB
35,US
5857,US
3638,AU
3638,US
6589,US
8669,US
2503,DE
2503,US
4516,FR
1673,US
8141,US
1721,IT
8363,US
4658,US
5956,US
6535,US
1127,ES
9847,US
1393,MN
1393,DE
2701,AT
2701,DE
2701,IT
2701,US
1269,DE
5174,US
9703,GB
9703,IT
9703,FR
9703,TN
3542,BE
3542,FR
3542,GB
9750,US
4349,DE
4349,US
9561,US
4858,US
4858,AU
2082,US
4347,GB
4347,FR
4347,US
1845,FR
1845,DE
6609,IT
2335,FR
4351,US
2882,FR
6916,ES
6916,IT
1992,US
5176,US
4141,US
523,DE
2009,BE
2009,RO
3469,GB
4413,US
6973,US
7913,IN
4629,AU
4629,GB
4629,US
5353,BA
5353,US
2252,GB
2252,US
2252,CA
6641,FR
6641,GB
8414,NL
8414,US
8414,CA
7737,AU
7737,FR
7737,DE
7737,GB
7737,US
5915,US
4588,TW
4588,CN
4588,US
2728,CA
2274,US
9038,US
7211,US
4538,US
2001,US
4517,GB
4566,US
4520,GB
4520,US
6615,US
9262,US
4513,NZ
4513,US
5125,US
3877,US
8954,US
4771,US
9773,DE
9773,GB
4512,CA
4512,GB
4512,US
9898,US
1922,BE
1922,DE
1922,FR
2011,FR
2011,US
5708,JP
5708,GB
5708,US
5708,AU
5951,US
9911,GB
3603,NZ
2014,DE
2014,TR
663,US
7347,BR
5718,US
5126,US
4982,GB
4982,US
5559,US
7972,US
2013,FR
2013,US
6977,US
4953,US
4953,GB
5123,US
5817,SE
5817,JP
5817,DE
5817,FR
5817,DK
5817,NO
4515,US
5375,US
2310,US
2284,CA
2284,US
6639,US
4723,FR
4723,DE
4723,US
5876,US
4523,US
1620,FR
1620,US
8079,IN
2268,GB
2268,US
6479,US
6477,US
7249,US
3902,US
8272,US
6537,ES
6537,MX
7326,US
1874,BE
1874,ZA
1989,CN
1989,FR
1989,HK
9572,DE
4946,FR
4946,IT
7350,US
7979,CN
7979,US
9867,US
6637,US
7345,US
6538,US
2012,MX
2012,DE
2012,FR
2012,NL
440,US
6575,US
6076,DE
9546,US
1488,CN
6023,US
6557,US
4787,GB
4787,US
7508,IN
3,FI
5259,FR
5259,IL
5259,US
8329,ES
2312,CA
2312,DE
2312,US
7191,US
4170,DE
4170,US
8875,US
3575,US
6933,DE
6933,JP
6933,US
8908,ES
8908,FR
8090,US
7555,DE
7555,US
7278,US
9030,US
8321,GB
8321,US
4034,FR
1479,US
2282,FR
7973,LB
7973,FR
7839,US
8676,US
8247,CA
8247,US
7992,PL
7992,GB
7992,IT
7992,DE
7992,ES
8390,FR
8390,DE
8390,GB
8390,US
7461,US
8204,US
8328,US
7942,GB
6473,US
7840,US
7840,ZA
8848,AU
8848,GB
8848,US
8461,AT
8461,FR
8461,DE
8461,IT
8461,GB
8461,US
7862,AT
7862,DE
2239,GB
7985,GB
7985,US
7343,BR
6391,FR
6391,IL
3764,JP
8944,US
8060,CA
8060,US
383,US
155,GB
155,US
8456,US
8457,US
511,PL
7797,FR
7797,DE
7797,IT
7797,RO
7797,US
8093,BE
8093,DE
8093,NL
8065,US
4942,DE
4942,US
8988,US
4998,AT
4998,SK
4998,UA
7944,GB
7944,US
7351,FR
8281,FR
8267,UY
8267,FR
9870,US
1266,US
8827,FR
7459,AU
7459,DE
7459,US
9997,AU
8319,US
1729,CN
1729,US
9017,GB
1810,US
7861,US
8780,US
8617,US
6967,DE
1726,US
9022,US
8681,FR
8681,GB
8681,US
9029,US
8277,US
3014,GB
2454,CZ
2454,PL
2454,SI
2454,US
217,US
4564,US
9502,US
4857,FR
4857,IT
9789,FR
9789,IT
3687,US
2982,US
8645,US
8645,IN
8645,FR
1724,US
5759,US
8909,DE
8909,US
8960,US
1938,US
8359,US
8847,US
8265,FR
428,DE
9010,AT
4966,FR
4966,PL
572,DK
572,NO
572,SE
6687,DE
6687,ES
6687,GB
6687,LT
2002,IT
2002,FR
8836,CA
8836,US
4140,GB
1735,DE
1735,US
5038,US
5038,ES
7446,US
7446,GB
7446,DE
8885,IL
8885,FR
8885,DE
5592,FR
5592,DE
4944,US
4944,GB
4944,FR
9381,FR
9381,GB
8285,US
3865,ES
3041,CL
3041,DE
1984,GB
1984,US
9539,CA
9539,FR
822,IN
8882,IT
3097,GB
3097,NL
4960,US
7735,DE
2397,US
2309,DE
2309,GB
2309,US
8338,BR
8338,CA
8338,JP
3580,US
4701,GB
8938,FR
8938,DE
8938,JP
2588,ES
4627,DE
8892,FR
9999,DE
8905,TR
8905,IT
8905,FR
3520,FR
3520,IT
8841,FR
6972,AU
6972,US
6972,GB
8966,US
2574,FR
1964,DE
8881,ES
8881,FR
8881,US
6733,DE
8880,ES
8880,FR
8880,US
8055,DE
8055,US
3054,US
5816,NL
8276,DE
8276,FR
9050,HK
2694,CN
4922,US
2253,DE
2253,US
6936,BE
4148,GB
4148,US
8049,FR
8927,SE
9795,US
8942,US
8280,FR
317,BA
317,AT
317,DE
317,HR
1977,US
4959,DE
4959,GB
4959,US
1560,GR
4832,US
7353,US
5677,US
1961,US
434,DE
8832,IT
8279,FR
7916,CA
7916,DE
9914,RO
9914,GB
9914,US
8382,US
5334,GB
6968,CZ
6968,FR
6968,DE
8747,AU
3632,US
9706,JP
9841,US
1940,US
1387,US
8902,BR
8833,IT
10000,CO
10000,FR
10000,IT
2080,US
4990,US
534,DE
534,IT
534,GB
534,US
2049,US
8211,PL
8429,IT
8282,FR
4934,US
761,FR
8883,CZ
8883,DK
8883,FI
8883,FR
8883,DE
8883,NO
8883,SE
8071,FR
8933,DK
8933,DE
8933,FR
8933,NO
8269,RS
8269,FR
8940,US
4498,ES
4498,IT
8284,US
4250,DE
8373,US
8939,KZ
8355,US
4931,US
8884,FR
8884,GB
767,GB
767,US
9592,DE
8054,CA
8054,FR
8054,GB
3478,FR
3478,DE
3478,IT
8937,JP
9974,SE
9974,US
4983,US
8895,CA
677,DE
685,DE
8899,BE
8899,DE
8899,FR
8899,IT
758,GB
2861,FR
5060,GB
6309,GB
6309,US
689,GR
2979,US
3511,FR
3511,GB
4786,MX
4786,US
885,US
4734,FR
1686,US
3513,US
8915,US
8926,US
2974,AT
2974,DE
2973,RU
1697,DE
836,BR
4475,US
8088,ES
7860,IL
7860,DE
7860,FR
2261,US
9924,US
6058,US
7445,US
1284,ES
8353,BR
7980,GB
7980,NZ
7980,US
2143,GB
4597,US
347,DE
9650,US
4286,IT
4286,FR
4932,US
5707,US
1450,JP
1450,HK
1450,CN
1450,FR
4579,US
2395,BE
2395,FR
2395,DE
2395,IT
2395,ES
5761,US
4253,IN
5153,IT
8349,DE
8349,GB
8952,US
7344,DE
4887,DE
4887,TR
7978,US
8898,AR
8898,ES
8898,FR
8898,IT
5595,ES
6883,US
5753,US
4933,US
1787,IT
1787,FR
4252,IN
8980,ES
1568,FR
1912,DE
4461,US
4180,FR
1549,FR
4676,FR
5178,DK
5178,FR
5178,IS
5178,US
8929,LR
8929,FR
8929,BE
7346,HK
5590,FR
5850,TR
5424,IT
9543,US
1785,FR
1785,IT
3589,US
8652,KR
8652,JP
2363,FR
1896,ES
1789,US
8471,FR
8471,GB
4556,CA
4556,NL
4556,PL
4556,GB
1920,US
1863,FR
1863,IT
5899,NL
5465,DE
2965,US
8900,AR
8900,BR
8900,KR
3476,FR
3476,DE
3476,IT
9503,ES
9503,DE
9503,GB
9503,IT
8070,FR
1914,DE
9761,NL
4204,US
8886,DE
8886,FR
8886,IT
5719,US
2754,NL
878,DE
706,DE
9639,DE
9639,US
3592,US
4706,GB
9577,AT
9577,DE
8749,FI
4921,DE
4729,FR
6793,DE
8316,US
8316,DE
8316,FR
1782,CA
1782,DE
1782,FR
6320,FR
5562,FR
1906,XG
8464,CA
481,ES
4266,BE
4266,FR
4266,IT
1361,US
6474,ES
6474,IT
8995,AT
8995,DE
7210,DE
2195,DE
2325,RU
2325,GB
4798,FR
1543,DE
8951,IT
1244,DE
471,DE
471,FR
471,PL
8417,DE
8418,DE
4704,US
8770,US
2010,JP
8896,DE
8896,HU
3397,DE
3397,PL
3081,US
9511,DE
8904,PH
4880,DE
3581,GB
1115,DE
8931,MX
1679,JP
1865,US
8967,US
5937,CN
5937,FR
5937,DE
3107,JP
3962,DE
1736,DE
1482,US
4641,US
8948,DE
1771,US
8897,FR
8888,DE
8462,DE
9295,DE
4938,US
407,DE
5473,NL
6182,US
9345,SE
2349,DE
3966,US
6360,FR
4790,FR
4790,IT
9364,GB
4195,IT
4195,FR
4809,US
9369,DE
9369,FR
9642,DK
9642,FR
1254,FR
2929,US
3556,US
1930,US
5965,US
8736,BE
8736,FR
8266,FR
1556,JP
4822,US
5422,IT
537,FR
9736,FR
6078,GB
4311,FR
8941,FR
160,FR
4412,FR
4412,DE
4412,IT
4910,GB
3582,GB
4171,BE
4171,FR
9834,US
4868,US
4868,RS
4868,GB
5686,US
3146,JP
3052,US
4258,US
2966,AU
2966,US
8768,FR
458,AT
458,DE
2077,US
6636,AR
5898,US
5646,US
4548,FR
4548,DE
4548,IT
2911,GB
9971,US
2093,NL
5546,US
1803,US
3149,US
4479,GB
8935,TW
3160,JP
4519,FR
4146,CH
4146,FR
4578,US
3030,US
2072,CA
4839,IL
4839,DE
8985,AT
8985,BE
8985,CY
8985,CZ
8985,DK
8985,EE
8985,FI
8985,FR
8985,DE
8985,GR
8985,HU
8985,IE
8985,IT
8985,LV
8985,LT
8985,LU
8985,MT
8985,NL
8985,PL
8985,PT
8985,SK
8985,SI
8985,ES
8985,SE
8985,GB
5995,SE
8213,DE
8434,IT
8434,FR
8434,GB
4949,US
6418,FR
6418,US
2442,CA
7269,US
2594,FR
4883,DE
4883,ES
4883,FR
4883,GB
4494,ES
3162,US
8064,DE
4111,US
4112,US
1732,US
5494,DE
5494,GB
5494,US
5494,LU
9753,LU
9753,GB
9753,US
4269,FR
1840,US
5421,IT
5157,US
4926,US
1731,CA
1731,DE
1731,GB
1731,US
7983,DE
4992,MX
4992,US
5800,US
189,US
8445,SE
1285,ES
8063,IT
8063,RU
256,FR
2813,FR
3576,US
4956,FR
2089,US
2516,GB
9742,DE
7267,BE
7267,NL
9510,DE
6110,DE
6110,GB
6110,US
2139,HK
2139,US
4683,FR
3541,ES
3541,IT
9940,US
2648,HK
2699,CA
2699,US
9807,IT
3057,DE
3057,SK
3057,US
9755,CA
8767,FR
774,FR
4226,US
5139,FR
9817,US
9076,DE
3483,DE
3483,ES
3483,GB
3483,US
4344,DE
3539,DE
3686,DE
3686,HR
3686,IT
3686,FR
7085,DE
7085,HR
7085,IT
9973,US
5201,US
4529,FR
4529,DE
1790,US
4968,DE
4968,ES
4968,GB
4968,US
5147,GB
1849,GB
1849,US
4930,US
6976,GB
6610,US
8372,US
5002,US
6163,BE
6163,CA
6984,US
2199,US
1915,DE
5601,IT
5601,FR
2186,US
9948,US
8779,CZ
4885,RU
1871,FR
1871,IT
1870,FR
1870,IT
1875,FR
1875,IT
92,AT
2141,US
3485,DE
3485,ES
3485,GB
3485,IT
3485,LI
3168,IT
3480,DE
3480,FR
5063,FR
5063,DE
3423,CH
3423,FR
3423,IT
5519,IT
6591,DE
6591,IT
8014,DE
8014,FR
8014,IT
8014,JP
8743,SE
9527,DE
5602,FR
3004,FR
3004,IT
7392,CA
4274,FR
2993,ES
2993,IT
2993,FR
6547,DE
2963,FR
5065,GB
5896,US
8371,DE
1419,DE
5833,CA
1615,DE
1616,DE
9497,DE
2169,DE
9337,DE
6172,DE
9673,DE
9514,DE
9496,DE
9478,DE
9565,DE
9677,DE
4436,DE
9274,DE
9629,DE
9629,HR
2189,US
9803,DE
8490,US
3164,US
3699,DE
3699,IT
1481,AU
9646,SE
5061,GB
5056,GB
3122,IT
2197,BE
2197,FR
9288,DE
9288,GB
9288,US
2462,FR
2462,IT
5302,US
3056,US
8703,XG
8703,CZ
1838,DK
5064,GB
5839,FR
5839,IT
3405,IT
4695,DE
8557,DE
8557,GB
8557,IE
5747,US
5086,IT
4199,GB
4199,US
3026,FR
4645,DE
9949,US
8932,PS
8932,BE
8932,FR
8932,ES
8932,CH
6962,DE
3125,US
5742,US
5744,US
5744,DE
5648,US
5748,US
3935,FR
3935,IT
2166,FR
2166,GB
3602,US
5731,AU
4398,DE
4580,FR
6945,US
9878,US
8460,US
4255,US
5871,BG
5871,DE
5871,HU
5871,RS
5871,SI
7092,US
815,US
8930,CH
8930,FR
4705,IT
2988,US
2909,XG
2798,FR
5804,ES
8692,IT
8692,ES
2004,DE
2333,DE
1539,DE
9987,US
2232,XG
459,DE
459,AT
457,AT
6318,DE
3145,GB
6980,US
4196,DE
4196,FR
4196,IT
9643,DE
4955,DE
4955,FR
2969,DE
206,AU
206,DE
206,FR
206,GB
5846,JP
8444,BR
3936,US
8415,JP
2079,US
2078,US
3578,DE
3578,FR
798,DE
1899,CA
1899,FR
2734,DE
2734,IT
2734,US
5484,DE
5484,IT
4419,IT
8556,DE
3012,GB
3012,US
3565,GB
4728,FR
4727,FR
8430,IT
4228,GB
4228,FR
4228,IT
4228,DE
4228,CA
3013,US
4948,FR
9048,HK
6884,US
1877,US
9287,IT
9375,DE
4459,US
5953,FR
5953,GB
3025,GB
5067,FR
4709,FR
3692,FR
3692,DE
3692,IT
1998,FR
1998,KH
4289,US
9321,DE
4747,FR
8846,DE
7274,AR
7274,FR
4979,DE
1837,FR
8144,ES
8144,IT
4680,FR
4680,IT
2764,NL
3048,GB
9084,DE
4443,FR
799,DE
8651,DE
9608,US
4134,NL
5256,DE
5256,US
2989,US
3938,US
5728,DE
5252,KR
3102,RU
3941,US
1659,DE
1652,DE
1655,DE
9657,DE
9252,DE
9379,DE
7237,US
4457,IT
7456,DE
9547,DE
9547,RS
9547,FR
9547,IT
30,JP
5066,GB
7871,US
4290,US
5654,DE
5654,FR
5654,IT
5654,PL
5654,RU
4546,IT
4546,GB
3698,FR
3698,IT
5434,IT
9031,IT
4279,FR
4279,RO
8383,DE
4288,US
5856,NO
2324,US
3479,FR
3479,DE
3479,IT
1609,FR
1609,GB
5764,US
3144,GB
4462,US
932,DE
6103,US
3159,IT
1608,GB
8209,DE
4652,DE
7088,US
286,DE
9551,DE
2459,FR
7290,CA
7290,DE
6105,US
9830,DE
9830,ES
9830,GB
9830,US
1848,US
7837,US
9711,US
1596,CA
4882,US
4644,US
3427,FR
6107,US
4182,FR
9690,DE
9810,US
1631,FR
7234,AR
7234,US
3003,DE
3003,GB
3003,US
9990,US
2132,US
8128,CZ
8128,DE
3210,GB
4820,US
2104,FR
8776,HU
6436,US
2791,US
8366,DE
2154,US
4049,PT
4049,DE
8453,IN
6079,CZ
9765,DE
5040,PL
9627,DE
9627,HR
2286,NL
2286,BE
2286,DE
2286,LU
3178,US
2331,CZ
2331,DE
2331,IT
2331,US
6029,RU
7014,FR
3104,GB
5589,CZ
